,Name,SKU,Image,Part Type
2,".302"" (1/4"" ThunderSquare) ID x 0.875"" OD x 0.280"" WD (Flanged Bearing) ",217-5830,Image Coming Soon,Motion
3,"2"" Mecanum Wheel ",217-7400,,Wheel
4,"Plastic 1/2"" VersaHex Adapters v2 (1/4"" Square Bore, 1/8"" Long) ",217-8004-001,,Motion
,"Plastic 1/2"" VersaHex Adapters v2 (1/4"" Square Bore, 1/4"" Long) ",217-8005-001,Image Coming Soon,Motion
5,"2x Pitch (1"") Shaft",228-2500-117,,Motion
6,"2.5x Pitch (1.125"") Shaft",228-2500-118,Image Coming Soon,Motion
7,"3x Pitch (1.5"") Shaft",228-2500-119,Image Coming Soon,Motion
8,"4x Pitch (2"") Shaft",228-2500-120,,Motion
9,"5x Pitch (2.5"") Shaft",228-2500-121,Image Coming Soon,Motion
10,"6x Pitch (3"") Shaft",228-2500-122,,Motion
11,"7x Pitch (3.5"") Shaft",228-2500-123,Image Coming Soon,Motion
12,"8x Pitch (4"") Shaft",228-2500-124,,Motion
13,"2x Pitch (1"") Capped Shaft",228-2500-2219,,Motion
14,"3x Pitch (1.5"") Capped Shaft",228-2500-2221,,Motion
15,"4x Pitch (2"") Capped Shaft",228-2500-2223,,Motion
16,"5x Pitch (2.5"") Capped Shaft",228-2500-2225,,Motion
17,"6x Pitch (3"") Capped Shaft",228-2500-2226,,Motion
18,"7x Pitch (3.5"") Capped Shaft",228-2500-2227,,Motion
19,"8x Pitch (4"") Capped Shaft",228-2500-2228,,Motion
20,"9x Pitch (4.5"") Capped Shaft",228-2500-2229,,Motion
21,"10x Pitch (5"") Capped Shaft",228-2500-2230,,Motion
22,"11x Pitch (5.5"") Capped Shaft",228-2500-2231,,Motion
23,"12x Pitch (6"") Capped Shaft",228-2500-2232,,Motion
24,"9x Pitch (4.5"") Shaft
",228-2500-260,,Motion
25,"10x Pitch (5"") Shaft 
",228-2500-261,,Motion
26,"11x Pitch (5.5"") Shaft
",228-2500-262,,Motion
27,"12x Pitch (6"") Shaft 
",228-2500-263,,Motion
28,"14x Pitch (7"") Shaft 
",228-2500-264,,Motion
29,"16x Pitch (8"") Shaft 
",228-2500-265,,Motion
30,"18x Pitch (9"") Shaft 
",228-2500-266,,Motion
31,"20x Pitch (10"") Shaft
",228-2500-267,,Motion
32,"22x Pitch (11"") Shaft
",228-2500-268,,Motion
33,"24x Pitch (12"") Shaft",228-2500-269,,Motion
35,Rubber Shaft Collar,228-3510,,Motion
37,Silicone Rubber Band #32 ,228-6633,,
38,Silicone Rubber Band #64 ,228-6634,,
41,Thick Anti-Slip Mat,275-0120,,
42,Thin Anti-Slip Mat,275-0121,,
43,"11"" Zip Ties ",275-0125,,
44,Pneumatics Tubing (5'),275-0447,,Pneumatics
45,"#6-32 x 1/4"" Screw ",275-0659,,Fastener
46,"#8-32 x 0.500"" Hex Drive Coupler ",275-1000,,Fastener
47,"#8-32 x 1.000"" Hex Drive Coupler ",275-1001,,Fasterner
48,"#8-32 x 1/4"" Screw ",275-1002,,Fastener
49,"#8-32 x 3/8"" Screw ",275-1003,,Fastener
50,"#8-32 x 1/2"" Screw ",275-1004,,Fasterner
51,"#8-32 x 5/8"" Screw ",275-1005,,Fastener
52,"#8-32 x 3/4"" Screw ",275-1006,,Fastener
53,"#8-32 x 7/8"" Screw ",275-1007,,Fastener
54,"#8-32 x 1.000"" Screw ",275-1008,,Fastener
55,"#8-32 x 1.250"" Screw ",275-1009,,Fastener
56,"#8-32 x 1.500"" Screw ",275-1010,,Fastener
57,"#8-32 x 1.750"" Screw ",275-1011,,Fasterner
58,"#8-32 x 2.000"" Screw ",275-1012,,Fasterner
59,"1/4"" Standoff ",275-1013,,Fasterner
60,"1/2"" Standoff  ",275-1014,,Fasterner
61,"3/4"" Standoff  ",275-1015,,Fastener
62,"1.00"" Standoff  ",275-1016,,Fasterner
63,"1.50"" Standoff  ",275-1017,,Fasterner
64,"2.00"" Standoff  ",275-1018,,Fasterner
65,"2.50"" Standoff  ",275-1019,,Fasterner
66,"3.00"" Standoff ",275-1020,,Fasterner
67,"4.00"" Standoff  ",275-1021,,Fasterner
68,"5.00"" Standoff  ",275-1022,,Fasterner
69,"6.00"" Standoff  ",275-1023,,Fasterner
70,Steel Washer ,275-1024,,Fasterner
71,Teflon Washer ,275-1025,,Fasterner
72,#8-32 Keps Nut ,275-1026,,Fasterner
73,#8-32 Nylock Nut ,275-1027,,Fasterner
74,#8-32 Hex Nut ,275-1028,,Fasterner
75,Rubber Link ,275-1029,,Fastener
76,Drive Shaft Bar Lock ,275-1065,,Motion
78,"1/2"" OD x #8 Nylon Spacer, 0.125""",275-1066-001,,Fastener
79,"1/2"" OD x #8 Nylon Spacer, 0.250""",275-1066-002,,Fastener
80,"1/2"" OD x #8 Nylon Spacer, 0.375""",275-1066-003,,Fastener
81,"1/2"" OD x #8 Nylon Spacer, 0.500""",275-1066-004,,Fastener
82,Synthetic Rubber Band #32 ,275-1089,,
84,1x5x1x25 Steel C-Channel ,275-1138,,Structure
85,1x5x1x35 Steel C-Channel ,275-1139,,Structure
86,5x25 Steel Plate ,275-1140,,Structure
87,1 x 25 Steel Bar ,275-1141,,Structure
88,2x2x25 Steel Angle ,275-1142,,Structure
89,2x2x35 Steel Angle ,275-1143,,Structure
90,3x3x35 Steel Angle ,275-1144,,Structure
91,2x1x25 Steel Chassis Rail ,275-1145,,Structure
92, 2x1x35 Steel Chassis Rail ,275-1146,,Structure
93,"#6-32 x 1/2"" Screw ",275-1169,,Fastener
95,45-Degree Gusset ,275-1186,,Structure
96,Worm Gearbox Bracket ,275-1187,,Structure
97,Bevel Gearbox Bracket ,275-1189,,Structure
98,Adhesive Foam,275-1254,,
99,Hook & Loop Adhesive Strip (5'),275-1257,,
100,Cinch Strap ,275-1258,,
101,Hook & Loop Strap (5'),275-1259,,
102,"#8-32 x 1/4"" Locking Screw ",275-1260,,Fastener
103,"#8-32 x 1/2"" Locking Screw ",275-1261,,Fastener
104,Latex Tubing (10'),275-1262,,
105,Hinge ,275-1272,,Structure
107,Driver Cable for an SMC Solenoid ,275-1417,,Pneumatics
108,"1/2"" Thumbscrew ",275-1485,,Fastener
109,5x15 Steel Plate ,275-2023,,Structure
110,"4"" Zip Ties ",276-1032,,
,Plus Gusset,276-1110-001,,Structure
,90-Degree Gusset,276-1110-002,,Structure
,Angle Gusset,276-1110-003,,Structure
115,"12"" Drive Shaft ",276-1149,,Motion
116,Bearing Flat ,276-1209,,Motion
117,15 x 30 Base Plate ,276-1341,,Structure
119,#8-32 Shoulder Screws ,276-1408,,Fastener
120,"3-Wire ""Y""-Cable 6"" ",276-1423,,Electronics
122,"3-Wire Extension Cable 12"" ",276-1426,Image Coming Soon,Electronics
123,"3-Wire Extension Cable 6"" ",276-1427,Image Coming Soon,Electronics
125,"2-Wire Extension Cable 36"" ",276-1430,,Electronics
126,"2-Wire Extension Cable 24"" ",276-1431,,Electronics
127,"2-Wire Extension Cable 12"" ",276-1432,,Electronics
128,"2-Wire Extension Cable 6"" ",276-1433,,Electronics
129,"4"" Mecanum Wheel  ",276-1447,,Wheel
130,"4"" High Traction Tire ",276-1489,,Wheel
131,"2.75"" Wheel ",276-1496,,Wheel
132,"5"" Wheel ",276-1498,,Wheel
,"3.25"" Traction Wheel",276-3525,,Wheel
133,Intake Roller ,276-1499,,Motion
134,Winch and Pulley Kit,276-1546,,Motion
,Winch Drum,276-1546-002,See Above -- Individual Image Coming Soon,Motion
,Ratchet Gear,276-1546-003,See Above -- Individual Image Coming Soon,Motion
,Winch Pawl,276-1546-004,See Above -- Individual Image Coming Soon,Motion
,"Rope, 4ft",276-1546-005,See Above -- Individual Image Coming Soon,Motion
,Pulley,276-1546-006,See Above -- Individual Image Coming Soon,Motion
135,Serial Y-Cable,276-1579,,Electronics
,Large Turntable Bearing Assembly,276-1810-001,,Motion
,Small Turntable Bearing Assembly,276-1810-005,See Above -- Individual Image Coming Soon,Motion
,"Vex 1/8"" Shaft Coupler",276-2177-020,,Motion
,Shaft Coupler Shaft,276-2177-021,See Above -- Individual Image Coming Soon,Motion
138,"2.75"" Omni-Directional Wheel - Double Roller ",276-1902,,Wheel
,Linear Slide Track,276-1926-001,,Motion
,Linear Slide Bracket,276-1926-002,See Above -- Individual Image Coming Soon,Motion
,Inner Slide Truck,276-1926-003,See Above -- Individual Image Coming Soon,Motion
,Outer Slide Truck,276-1926-004,See Above -- Individual Image Coming Soon,Motion
,Longer Linear Slide Track,276-1926-005,See Above -- Individual Image Coming Soon,Motion
140,"#6-32 x 1/2"" Locking Screw ",276-1958,,Fastener
141,"3-Wire Extension Cable 36"" ",276-1976,Image Coming Soon,Electronics
142,Shaft Collar ,276-2010,,Motion
145,Pillow Block Bearing & Lock Bar Pack,276-2016,,Motion
146,4.6mm Plastic Spacer ,276-2018,,Fastener
147,8mm Plastic Spacer ,276-2019,,Fastener
148,Intake Roller ,276-2026,,Motion
,Advanced Mechanics and Motion Kit,276-2045,,Motion
,Hand Crank,276-2045-001,See Above -- Individual Image Coming Soon,Motion
,Lead Screw Nut,276-2045-031,See Above -- Individual Image Coming Soon,Motion
,Drop Off Cam,276-2045-061,See Above -- Individual Image Coming Soon,Motion
,Cam Follower,276-2045-066,See Above -- Individual Image Coming Soon,Motion
,Cam Follower Bracket,276-2045-064,See Above -- Individual Image Coming Soon,Motion
,Lead Screw Bracket,276-2045-033,See Above -- Individual Image Coming Soon,Motion
,U-Joint,276-2045-020,See Above -- Individual Image Coming Soon,Motion
,16t Bevel Gear,276-2045-051,See Above -- Individual Image Coming Soon,Motion
,32t Bevel Gear,276-2045-052,See Above -- Individual Image Coming Soon,Motion
,Lead Screw,276-2045-032,See Above -- Individual Image Coming Soon,Motion
149,Line Tracker ,276-2154,,Electronics
150,Ultrasonic Range Finder,276-2155,,Electronics
151,Optical Shaft Encoder ,276-2156,,Electronics
152,Light Sensor,276-2158,,Electronics
153,Bumper Switch ,276-2159,,Electronics
,Chain Link,228-2500-1160,,Motion
,10t Sprocket,276-2166-002,See Above -- Individual Image Coming Soon,Motion
,15t Sprocket,276-2166-003,See Above -- Individual Image Coming Soon,Motion
,24t Sprocket,276-2166-004,See Above -- Individual Image Coming Soon,Motion
,40t Sprocket,276-2166-005,See Above -- Individual Image Coming Soon,Motion
,48t Sprocket,276-2166-006,See Above -- Individual Image Coming Soon,Motion
,Tank Tread Link,276-2168-002,,Motion
,Tank Tread Sprocket,276-2168-003,See Above -- Individual Image Coming Soon,Motion
,Single Bogie Wheel,276-2168-004,See Above -- Individual Image Coming Soon,Motion
,Double Bogie Wheel,276-2168-005,See Above -- Individual Image Coming Soon,Motion
,60t Gear,276-2169-003,,Motion
,12t Gear,276-2169-001,See Above -- Individual Image Coming Soon,Motion
,36t Gear,276-2169-002,See Above -- Individual Image Coming Soon,Motion
,84t Gear,276-2169-004,See Above -- Individual Image Coming Soon,Motion
158,Additional High Strength Chain,276-2172,,Motion
159,Limit Switch ,276-2174,,Electronics
161,"1/4"" Pitch Bearing Flat ",276-2179,,Motion
,Differential Housing,276-2184-001,,Motion
,12T Gear,276-2232-041,See Above -- Individual Image Coming Soon,Motion
,Worm Wheel,276-2184-002,See Above -- Individual Image Coming Soon,Motion
,Bevel Gear,276-2184-004,See Above -- Individual Image Coming Soon,Motion
,Worm Gear ,276-2184-003,See Above -- Individual Image Coming Soon,Motion
,Rack Gear,276-4782-001,See Above -- Individual Image Coming Soon,Motion
163,"4"" Omni-Directional Wheel ",276-2185,,Wheel
165,Claw Kit,276-2212,,Motion
167,Tank Tread Traction Links,276-2214-001,,Motion
168,Conveyor-belt Base Links,276-2214-002,,Motion
169,Short Conveyor-belt Inserts,276-2214-003,,Motion
170,Medium Conveyor-belt Inserts,276-2214-004,,Motion
171,Tall Conveyor-belt Inserts,276-2214-005,,Motion
172,Bearing Attachment Rivet ,276-2215,,Fastener
173,Potentiometer ,276-2216,,Electronics
174,"6"" Wheel Leg ",276-2218,,Motion
177,12T Metal Pinions,276-2251-001,,Motion
178,12T Pinion Gear Inserts,276-2251-002,,Motion
180,1x2x1x25 Aluminum C-Channel ,276-2288,,Structure
181,1x2x1x35 Aluminum C-Channel ,276-2289,,Structure
182,1x5x1x25 Aluminum C-Channel ,276-2290,,Structure
183,1x5x1x35 Aluminum C-Channel ,276-2298,,Structure
184,2x2x35 Aluminum Angle ,276-2304,,Structure
185,1x25 Aluminum Bar ,276-2307,,Structure
186,5x25 Aluminum Plate ,276-2311,,Structure
187,Yaw Rate Gyroscope Sensor V1.0,276-2333,,Electronics
188,"#8-32 x 0.125"" Set Screw ",276-2385,,Fastener
189,"F-F 3-Wire Adapter Cable 12"" ",276-2395,,Electronics
190,C-Channel Coupler Gusset ,276-2575,,Structure
191,Angle Corner Gusset ,276-2576,,Structure
,90-Degree Gusset Angle,276-2577-001,,Structure
,90-Degree Gusset Plate,276-2577-002,See Above -- Individual Image Coming Soon,Structure
193,Angle Coupler Gusset ,276-2578,,Structure
194,Universal Joint ,276-2723,,Motion
195,1x2x1x35 Steel C-Channel ,276-2906,,Structure
196,84T High Strength Gear ,276-3438,,Motion
197,"2"" High Strength Shaft ",276-3440,,Motion
198,High Strength Shaft Spacer Kit,276-3441,Image Coming Soon,Motion
199,High Strength Clamping Shaft Collar ,276-3520,,Motion
200,High Strength Shaft Bearing ,276-3521,,Motion
201,"3"" High Strength Shaft ",276-3522,,Motion
202,"4"" High Strength Shaft ",276-3523,,Motion
203,"12"" High Strength Shaft ",276-3524,,Motion
204,"3.25"" Omni-Directional Wheel ",276-3526,,Wheel
205,6T High Strength Sprocket ,276-3876,,Motion
206,12T High Strength Sprocket ,276-3877,,Motion
207,18T High Strength Sprocket ,276-3878,,Motion
208,24T High Strength Sprocket ,276-3879,,Motion
209,30T High Strength Sprocket ,276-3880,,Motion
210,High Strength Shaft Insert Kit,276-3881,,Motion
211,Clamping Shaft Collar ,276-3891,,Motion
212,Synthetic Rubber Band #64 ,276-3990,,
213,Extension Cable Retaining Clip ,276-4128,,Electronics
214,1x3x1x35 Aluminum C-Channel ,276-4359,,Structure
215,Linear Motion Additional Truck Kit,276-4489,,Motion
216,Rack Gear v2 ,276-4782,,Motion
217,V5 Robot Brain,276-4810,,Electronics
218,V5 Robot Battery Li-Ion 1100mAh,276-4811,,Electronics
219,V5 Power Cable Assortment,276-4817,,Electronics
220,V5 Controller,276-4820,,Electronics
221,V5 Robot Radio,276-4831,,Electronics
222,V5 Smart Motor (11W),276-4840,,Electronics
223,Smart Motor (5.5W),276-4842,,Electronics
,Vision Sensor,276-4850,,Electronics
224,Distance Sensor,276-4852,,Electronics
225,Inertial Sensor,276-4855,,Electronics
226,Bumper Switch v2 ,276-4858,,Electronics
,V5 Smart Cable - 200mm,276-4860-010,,Electronics
,V5 Smart Cable - 300mm,276-4860-020,See Above -- Individual Image Coming Soon,Electronics
,V5 Smart Cable - 600mm,276-4860-030,See Above -- Individual Image Coming Soon,Electronics
,V5 Smart Cable - 600mm,276-4860-030,,Electronics
,V5 Smart Cable - 900mm,276-4861-010,See Above -- Individual Image Coming Soon,Electronics
,V5 Smart Cable - 1200mm,276-4861-020,See Above -- Individual Image Coming Soon,Electronics
,V5 Smart Cable - 1500mm,276-4861-030,See Above -- Individual Image Coming Soon,Electronics
229,"#8-32 x 1.000"" Star Drive Coupler ",276-4988,,Fastener
230,"#8-32 x 0.500"" Star Drive Coupler ",276-4989,,Fastener
231,"#8-32 x 1/4"" Star Drive Screw  ",276-4990,,Fastener
232,"#8-32 x 3/8"" Star Drive Screw ",276-4991,,Fastener
233,"#8-32 x 1/2"" Star Drive Screw",276-4992,,Fastener
234,"#8-32 x 5/8"" Star Drive Screw ",276-4993,,Fastener
235,"#8-32 x 3/4"" Star Drive Screw  ",276-4994,,Fastener
236,"#8-32 x 7/8"" Star Drive Screw ",276-4995,,Fastener
237,"#8-32 x 1.000"" Star Drive Screw ",276-4996,,Fastener
238,"#8-32 x 1.250"" Star Drive Screw ",276-4997,,Fastener
239,"#8-32 x 1.500"" Star Drive Screw  ",276-4998,,Fastener
240,"#8-32 x 1.750"" Star Drive Screw ",276-4999,,Fastener
241,"#8-32 x 2.000"" Star Drive Screw ",276-5004,,Fastener
242,"#8-32 x 1/4"" Locking Star Drive Screw ",276-5006,,Fastener
243,"#8-32 x 1/2"" Locking Star Drive Screw ",276-5007,,Fastener
244,36T High Strength Gear ,276-5034,,Motion
245,60T High Strength Gear ,276-5035,,Motion
246,3-Wire Expander,276-5299,,Electronics
,Large Turntable Bearing V2 Assembly,276-5652-000,,Motion
,Small Turntable Bearing V2 Assembly,276-5652-004,See Above -- Individual Image Coming Soon,Motion
,Turntable Mounting Bracket,276-5652-007,See Above -- Individual Image Coming Soon,Structure
248,Rack Gearbox Bracket v2 ,276-5771,,Structure
249,Smart Cable Stock (8m),276-5774,,Electronics
250,Smart Cable Connectors ,276-5775,,Electronics
251,Smart Motor 36:1 Cartridge (100 RPM),276-5840,,Electronics
252,Smart Motor 18:1 Cartridge (200 RPM),276-5841,,Electronics
253,Smart Motor 6:1 Cartridge (600 RPM) ,276-5842,,Electronics
254,Claw Kit v2,276-6010,,Motion
255,V5 Battery Clip ,276-6020,,Electronics
256,Rotation Sensor,276-6050,,Electronics
257,"#8-32 x 0.125"" Star Drive Set Screw ",276-6098,,Fastener
258,Star Drive Clamping Shaft Collar ,276-6101,,Motion
259,High Strength Star Drive Clamping Shaft Collar ,276-6102,,Motion
260,Star Drive Shaft Collar ,276-6103,,Motion
262,"3/8"" OD x #8 Nylon Spacer, 0.125""",276-6340-001,,Fastener
263,"3/8"" OD x #8 Nylon Spacer, 0.250""",276-6340-002,,Fastener
264,"3/8"" OD x #8 Nylon Spacer, 0.375""",276-6340-003,,Fastener
265,"3/8"" OD x #8 Nylon Spacer, 0.500""",276-6340-004,,Fastener
266,Smart Cables ,276-6364,,Electronics
,Linear Slide Track,276-1926-001,,Motion
,Linear Slide Bracket,276-1926-002,See Above -- Individual Image Coming Soon,Motion
,Inner Slide Truck,276-6465-001,See Above -- Individual Image Coming Soon,Motion
,Outer Slide Truck,276-6465-002,See Above -- Individual Image Coming Soon,Motion
268,1-Post Hex Nut Retainer w/ Bearing Flat  ,276-6481,,Motion
269,1-Post Hex Nut Retainer ,276-6482,,Structure
270,4-Post Hex Nut Retainer ,276-6483,,Structure
271,1x1x35 Aluminum Angle ,276-6484,,Structure
,Tank Tread Link,276-2168-302,,Motion
,Tank Tread Sprocket,276-2168-003,See Above -- Individual Image Coming Soon,Motion
,Single Bogie Wheel,276-2168-004,See Above -- Individual Image Coming Soon,Motion
,Double Bogie Wheel,276-2168-005,See Above -- Individual Image Coming Soon,Motion
273,Smart Motor Cap Replacement,276-6780,,Structure
274,Smart Motor #8-32 Threaded Inserts ,276-6781,,Fastener
275,Optical Sensor,276-7043,,Electronics
276,High Strength Conveyor Chain,276-7141,,Motion
277,2x2x2x20 Aluminum U-Channel ,276-7285,,Structure
278,12T Metal Gear ,276-7368,,Motion
279,V5 GPS Sensor,276-7405,,Electronics
280,Potentiometer V2 ,276-7417,,Electronics
281,"24"" High Strength Shaft ",276-7465,,Motion
282,Rubber Bumper ,276-7499,,Fastener
283,24T High Strength Gear V2 ,276-7572,,Motion
284,48T High Strength Gear v2 ,276-7573,,Motion
285,72T High Strength Gear v2 ,276-7574,,Motion
286,High Strength Chain Attachment Link Kit,276-7578,,Motion
287,Low Profile High Strength Clamping Shaft Collar ,276-7580,,Motion
,"High Strength Shaft Bushing, 1/8"" Thick",276-7582-001,,Motion
,"High Strength Shaft Bushing, 5/16"" Thick",276-7582-002,See Above -- Individual Image Coming Soon,Motion
289,36T High Strength Gear v2 ,276-7747,,Motion
290,60T High Strength Gear v2 ,276-7748,,Motion
291,84T High Strength Gear v2 ,276-7749,,Motion
293,30 Degree Flat Gussets,276-7758-001,,Structure
294,30 Degree Bent Gussets,276-7758-002,,Structure
296, 45 Degree Flat Gussets,276-7759-001,,Structure
297,45 Degree Bent Gussets,276-7759-002,,Structure
299,60 Degree Flat Gussets,276-7760-001,,Structure
300,60 Degree Bent Gussets,276-7760-002,,Structure
302,90 Degree Flat Gussets,276-7761-001,,Structure
303,90 Degree Bent Gussets,276-7761-002,,Structure
304,#8-32 Low Profile Nut ,276-7767,,Fastener
305,"3.25"" (260mm Travel) Anti-Static Wheel ",276-7771,,Wheel
306,Bumper Switch 6N ,276-8010,,Electronics
307,"#8-32 x 2.250"" Star Drive Screw ",276-8015,,Fastener
308,"#8-32 x 2.500"" Star Drive Screw ",276-8016,,Fastener
310,"3/8"" OD x #8 Click-On Spacer, 0.063""",276-8019-001,,Fastener
311,"3/8"" OD x #8 Click-On Spacer, 0.125""",276-8019-002,,Fastener
312,"3/8"" OD x #8 Click-On Spacer, 0.250""",276-8019-003,,Fastener
313,1-Post Standoff Retainer ,276-8020,,Structure
314,1-Post Standoff Retainer with Bearing Flat ,276-8021,,Motion
315,4-Post Standoff Retainer ,276-8022,,Structure
316,Low Profile Bearing Flat ,276-8023,,Structure
317,Shaft Collar Retainer with Bearing Flat ,276-8024,,Structure
318,"3.25"" (260mm Travel) Omni-Directional Anti-Static Wheel ",276-8026,,Wheel
319,"8T Sprocket, 6P ",276-8030,,Motion
320,"High Strength Shaft Adapter (#8 Round Bore, 1/2"" Long) ",276-8034,,Motion
321,EPDM Elastic Bands #32 ,276-8076,,
322,EPDM Elastic Bands #64 ,276-8077,,
323,"V5 Pneumatic Tubing (Black, 3m)",276-8083,,Pneumatics
324,"2.75"" (220mm Travel) Anti-Static Wheel ",276-8098,,Wheel
325,"4"" (320mm Travel) Anti-Static Wheel ",276-8103,,Wheel
326,"2.75"" (220mm Travel) Omni-Directional Anti-Static Wheel ",276-8106,,Wheel
327,"4"" (320mm Travel) Omni-Directional Anti-Static Wheel ",276-8107,,Wheel
328,"High Strength Shaft Adapter (1/8"" Square Bore, 1/2"" Long) ",276-8235,,Motion
329,"16T Sprocket, 6P ",276-8328,,Motion
330,"24T Sprocket, 6P ",276-8329,,Motion
331,"32T Sprocket, 6P ",276-8330,,Motion
332,"40T Sprocket, 6P ",276-8331,,Motion
,VEX IQ Chain,228-2500-230,,Motion
334,2x12 PET Sheets,276-8341-001,,Structure
335,6x6 PET Sheets,276-8341-002,,Structure
336,6x12 PET Sheets,276-8341-003,,Structure
337,High Strength Pillow Block ,276-8383,,Motion
338,High Strength Shaft Ball Bearing ,276-8402,,Motion
339,Straight Pneumatic Fitting Kit ,276-8636,,Pneumatics
340,Elbow Fitting Kit ,276-8637,,Pneumatics
341,VEX “T” Pneumatic Fittings ,276-8638,,Pneumatics
342,Assorted Pneumatic Fittings,276-8639,,Pneumatics
343,"Dual Acting Cylinder, 10mm Bore, 25mm Stroke",276-8642,,Pneumatics
344,"Dual Acting Cylinder, 10mm Bore, 50mm Stroke",276-8644,,Pneumatics
345,"Dual Acting Cylinder, 10mm Bore, 75mm Stroke",276-8646,,Pneumatics
346,AI Vision Sensor,276-8659,,Electronics
347,Pneumatic Pressure Regulator,276-8748,,Pneumatics
348,Air Tank 200ml,276-8749,,Pneumatics
350,Double Acting Solenoid,276-8752,,Pneumatics
351,Shut-off Valve Fitting,276-8755,,Pneumatics
352,V5 Flywheel Weight ,276-8794,,Motion
353,"2"" Mecanum Wheels V2 ",276-9041,,Wheel
354,2' Omni-Directional Wheel,276-9044,,Wheel
,"2"" Compression Wheel - 30A Durometer",276-8880,,Wheel
,"2"" Compression Wheel - 40A Durometer",276-8881,,Wheel
,"2"" Compression Wheel - 60A Durometer",276-8882,,Wheel
,"1.625"" Compression Wheel - 30A Durometer",276-8877,,Wheel
,"1.625"" Compression Wheel - 40A Durometer",276-8878,,Wheel
,"1.625"" Compression Wheel - 60A Durometer",276-8879,,Wheel
,"Straight Flex Wheel (1.625"" OD x 1/2"" WD, 1/2"" Hex Bore, 30A)",217-6350,,Wheel
,"Straight Flex Wheel (2"" OD x 1/2"" WD, 1/2"" Hex Bore, 30A)",217-6353,,Wheel
,"Straight Flex Wheel (3"" OD x 1"" WD, 1-1/8"" ID, 30A)",217-6447,,Wheel
,"Straight Flex Wheel (4"" OD x 1"" WD, 1-1/8"" ID, 30A)",217-6450,,Wheel
,"Straight Flex Wheel (1.625"" OD x 1/2"" WD, 1/2"" Hex Bore, 40A)",217-6351,,Wheel
,"Straight Flex Wheel (2"" OD x 1/2"" WD, 1/2"" Hex Bore, 40A)",217-6354,,Wheel
,"Straight Flex Wheel (3"" OD x 1"" WD, 1-1/8"" ID, 40A)",217-6448,,Wheel
,"Straight Flex Wheel (4"" OD x 1"" WD, 1-1/8"" ID, 40A)",217-6451,,Wheel
,"Straight Flex Wheel (1.625"" OD x 1/2"" WD, 1/2"" Hex Bore, 60A)",217-6352,,Wheel
,"Straight Flex Wheel (2"" OD x 1/2"" WD, 1/2"" Hex Bore, 60A)",217-6446,,Wheel
,"Straight Flex Wheel (3"" OD x 1"" WD, 1-1/8"" ID, 60A)",217-6449,,Wheel
,"Straight Flex Wheel (4"" OD x 1"" WD, 1-1/8"" ID, 60A)",217-6452,,Wheel
,"1/2"" VersaHex Adapters (1/4"" Square Bore, 1/8"" Long)",217-5949,,Motion
,"1/2"" VersaHex Adapters (1/4"" Square Bore, 1/4"" Long)",217-5950,,Motion
,"1/2"" VersaHex Adapters v2 (1/4"" Square Bore, 1/8"" Long)",217-7946,,Motion
,"1/2"" VersaHex Adapters v2 (1/4"" Square Bore, 1/8"" Long)",217-7947,,Motion
,1.125” Bearing Bore Plastic VersaHub Spacer (1/2” Wide),217-2591,,Motion
,1/2” Hex Bore Aluminum VersaHub,217-2592,,Motion
,"1.125"" Bearing Pilot Plastic VersaHub (1/4"" Wide, w/ Plate Sprocket Mount)",217-3234,,Motion
,1/2” Hex Bore Plastic VersaHub,217-4009,,Motion
,1/2” Hex Bore Plastic VersaHub v2,217-8079,,Motion
,Reservoir,US14227-S0400,,Pneumatics
,Cylinder Single Acting,NCJ2D10-200S,,Pneumatics
,Cylinder Double Acting,NCJ2D10-200,,Pneumatics
,"Solenoid Fwd, Reverse (	5/2 Single Solenoid Valve, 5VDC)",SYJ3120-SMO-M3-F,,Pneumatics
,"Solenoid On/Off (3/2 Solenoud Valve, 5VDC)",SY113-SMO-PM3-F,,Pneumatics
,"Solenoid Driver (Cable w/Driver, Connects one VEX I/O Port to one Solenoid)",275-1417,,Pneumatics
,Tubing,TUO425B or 275-0447,,Pneumatics
,Flow Meter,AS1201F-M5-04T,,Pneumatics
,Fittings for Valves,KJS04-M3 or KJL04-M3 or KQ2S04-M3G or KQ2L04-M3G,,Pneumatics
,Fittings for Reservoirs,KQ2H03-34S or KQ2H03-34AS,,Pneumatics
,Tire Pump Fitting,KQ2S04-M5 or KQ2S04-M5A,,Pneumatics
,Tire Pump Fitting (2x),8090410075,,Pneumatics
,On/Off Switch,US3729,,Pneumatics
,Pressure Regulator,A-474-0000005,,Pneumatics
,"""T"" Fitting",KQ2T04-00 or KQ2T04-00A,,Pneumatics
,Cylinder Mount,CYLINDER-MOUNT,,Pneumatics
,Cylinder Rod Pivot,CYLINDER-ROD-PIVOT,,Pneumatics